文件名,失真类型
13a4382b-8090-491c-86ed-9d77c6b76705-soConvert.wav,语音重叠
17ac48b2-9cc1-4e82-b296-c384c994528d-soConvert.wav,语音重叠
25ee36a6-d776-4805-85bd-d743c15db1a3-soConvert.wav,语音重叠
27f8f58e-91dd-406f-bab0-a6390aff05db-soConvert.wav,语音重叠
36a2668f-f38a-4990-b33a-f86cb7b7daa3-soConvert.wav,语音重叠
00174.wav,噪声
00175.wav,混响 | 噪声
00176.wav,噪声
00202.wav,噪声
00160.wav,噪声
00215.wav,噪声
00216.wav,噪声
00217.wav,噪声
00214.wav,噪声
human(9).wav,混响 
human(10).wav,混响 
human(11).wav,混响 
human(12).wav,混响 
human(13).wav,混响 
